1, Al Gore, Al Gore on averting climate crisis, http://video.ted.com/talks/podcast/audio/AlGore_2006.mp3
2, Amy Smith, "Amy Smith shares simple, lifesaving design", http://video.ted.com/talks/podcast/audio/AmySmith_2006.mp3
3, Ashraf Ghani, Ashraf Ghani on rebuilding broken states, http://video.ted.com/talks/podcast/audio/AshrafGhani_2005G.mp3
4, Burt Rutan, Burt Rutan sees the future of space, http://video.ted.com/talks/podcast/audio/BurtRutan_2006.mp3
6, Craig Venter, Craig Venter on DNA and the sea, http://video.ted.com/talks/podcast/audio/CraigVenter_2005.mp3
7, David Pogue, David Pogue says "Simplicity sells", http://video.ted.com/talks/podcast/audio/DavidPogue_2006.mp3
9, Dean Kamen, Dean Kamen on inventing and giving, http://video.ted.com/talks/podcast/audio/DeanKamen_2002.mp3
10, Dean Ornish, Dean Ornish on the world's killer diet, http://video.ted.com/talks/podcast/audio/DeanOrnish_2006.mp3
11, Jane Goodall, Jane Goodall on what separates us from the apes, http://video.ted.com/talks/podcast/audio/JaneGoodall_2002.mp3
12, Eva Vertes, Eva Vertes looks to the future of medicine, http://video.ted.com/talks/podcast/audio/EvaVertes_2005.mp3
13, Frank Gehry, Frank Gehry asks "Then what?", http://video.ted.com/talks/podcast/audio/FrankGehry_2002.mp3
16, Helen Fisher, Helen Fisher tells us why we love + cheat, http://video.ted.com/talks/podcast/audio/HelenFisher_2006.mp3
18, Janine Benyus, Janine Benyus shares nature's designs, http://video.ted.com/talks/podcast/audio/JanineBenyus_2005.mp3
19, Kevin Kelly, Kevin Kelly on how technology evolves, http://video.ted.com/talks/podcast/audio/KevinKelly_2005.mp3
20, Malcolm Gladwell, Malcolm Gladwell on spaghetti sauce, http://video.ted.com/talks/podcast/audio/MalcolmGladwell_2004.mp3
21, Mena Trott, Mena Trott on blogs, http://video.ted.com/talks/podcast/audio/MenaTrott_2006.mp3
23, Peter Gabriel, Peter Gabriel fights injustice with video, http://video.ted.com/talks/podcast/audio/PeterGabriel_2006.mp3
25, Richard Baraniuk, Richard Baraniuk on open-source learning, http://video.ted.com/talks/podcast/audio/RichardBaraniuk_2006.mp3
26, Rives, Rives controls the Internet, http://video.ted.com/talks/podcast/audio/Rives_2006S.mp3
28, Seth Godin, Seth Godin on standing out, http://video.ted.com/talks/podcast/audio/SethGodin_2003.mp3
29, Steven Levitt, Steven Levitt analyzes crack economics, http://video.ted.com/talks/podcast/audio/StevenLevitt_2004.mp3
30, Steven Levitt, Steven Levitt on child carseats, http://video.ted.com/talks/podcast/audio/StevenLevitt_2005G.mp3
33, Thomas Barnett, Thomas Barnett draws a new map for peace, http://video.ted.com/talks/podcast/audio/ThomasBarnett_2005.mp3
34, Phil Borges, Phil Borges on endangered cultures, http://video.ted.com/talks/podcast/audio/PhilBorges_2006.mp3
35, James Watson, James Watson on how he discovered DNA, http://video.ted.com/talks/podcast/audio/JamesWatson_2005.mp3
37, Jimmy Wales, Jimmy Wales on the birth of Wikipedia, http://video.ted.com/talks/podcast/audio/JimmyWales_2005G.mp3
38, Ray Kurzweil, Ray Kurzweil on how technology will transform us, http://video.ted.com/talks/podcast/audio/RayKurzweil_2005.mp3
39, Aubrey de Grey, Aubrey de Grey says we can avoid aging, http://video.ted.com/talks/podcast/audio/AubreyDeGrey_2005G.mp3
41, Nicholas Negroponte, Nicholas Negroponte on One Laptop per Child, http://video.ted.com/talks/podcast/audio/NicholasNegroponte_2006.mp3
42, Martin Rees, Martin Rees asks: Is this our final century?, http://video.ted.com/talks/podcast/audio/MartinRees_2005G.mp3
43, Paul Bennett, Paul Bennett finds design in the details, http://video.ted.com/talks/podcast/audio/PaulBennett_2005.mp3
45, Sirena Huang, Sirena Huang dazzles on violin, http://video.ted.com/talks/podcast/audio/SirenaHuang_2006.mp3
46, Jennifer Lin, Jennifer Lin improvs piano magic, http://video.ted.com/talks/podcast/audio/JenniferLin_2004.mp3
47, David Deutsch, David Deutsch on our place in the cosmos, http://video.ted.com/talks/podcast/audio/DavidDeutsch_2005G.mp3
48, Saul Griffith, Saul Griffith on everyday inventions, http://video.ted.com/talks/podcast/audio/SaulGriffith_2006.mp3
53, Majora Carter, Majora Carter's tale of urban renewal, http://video.ted.com/talks/podcast/audio/MajoraCarter_2006.mp3
54, Cameron Sinclair, Cameron Sinclair on open-source architecture, http://video.ted.com/talks/podcast/audio/CameronSinclair_2006.mp3
55, Jehane Noujaim, Jehane Noujaim on a global day of film, http://video.ted.com/talks/podcast/audio/JehaneNoujaim_2006.mp3
56, Edward Burtynsky, Edward Burtynsky on manufactured landscapes, http://video.ted.com/talks/podcast/audio/EdwardBurtynsky_2005.mp3
57, Robert Fischell, Robert Fischell on medical inventing, http://video.ted.com/talks/podcast/audio/RobertFischell_2005.mp3
58, Larry Brilliant, Larry Brilliant wants to stop pandemics, http://video.ted.com/talks/podcast/audio/LarryBrilliant_2006.mp3
59, Bono, Bono's call to action for Africa, http://video.ted.com/talks/podcast/audio/Bono_2005.mp3
60, Anna Deavere Smith, Anna Deavere Smith's American character, http://video.ted.com/talks/podcast/audio/AnnaDeveareSmith_2005.mp3
61, Steven Johnson, Steven Johnson tours the Ghost Map, http://video.ted.com/talks/podcast/audio/StevenJohnson_2006S.mp3
62, Bjorn Lomborg, Bjorn Lomborg sets global priorities, http://video.ted.com/talks/podcast/audio/BjornLomborg_2005.mp3
63, Charles Leadbeater, Charles Leadbeater on innovation, http://video.ted.com/talks/podcast/audio/CharlesLeadbeater_2005G.mp3
64, Eve Ensler, Eve Ensler: happiness in body and soul, http://video.ted.com/talks/podcast/audio/EveEnsler_2004.mp3
66, Ken Robinson, Ken Robinson says schools kill creativity, http://video.ted.com/talks/podcast/audio/KenRobinson_2006.mp3
67, Peter Donnelly, Peter Donnelly shows how stats fool juries, http://video.ted.com/talks/podcast/audio/PeterDonnelly_2005G.mp3
68, Robert Wright, Robert Wright on optimism, http://video.ted.com/talks/podcast/audio/RobertWright_2006.mp3
69, Wade Davis, Wade Davis on endangered cultures, http://video.ted.com/talks/podcast/audio/WadeDavis_2003.mp3
70, Richard St. John, Richard St. John's 8 secrets of success, http://video.ted.com/talks/podcast/audio/RichardSt.John_2005.mp3
71, Rick Warren, Rick Warren on a life of purpose, http://video.ted.com/talks/podcast/audio/RickWarren_2006.mp3
72, Chris Anderson, Chris Anderson of WIRED on tech's Long Tail, http://video.ted.com/talks/podcast/audio/ChrisAnderson_2004.mp3
73, Carl Honore, Carl Honore praises slowness, http://video.ted.com/talks/podcast/audio/CarlHonore_2005.mp3
74, Alex Steffen, Alex Steffen sees a sustainable future, http://video.ted.com/talks/podcast/audio/AlexSteffen_2005.mp3
75, Sasa Vucinic, Sasa Vucinic invests in free press, http://video.ted.com/talks/podcast/audio/SasaVucinic_2005G.mp3
76, Susan Savage-Rumbaugh, Susan Savage-Rumbaugh on apes, http://video.ted.com/talks/podcast/audio/SusanSavage-Rumbaugh_2004.mp3
77, Sheila Patek, Sheila Patek clocks the fastest animals, http://video.ted.com/talks/podcast/audio/SheilaPatek_2004.mp3
79, Iqbal Quadir, Iqbal Quadir says mobiles fight poverty, http://video.ted.com/talks/podcast/audio/IqbalQuadir_2005G.mp3
80, Juan Enriquez, Juan Enriquez on genomics and our future, http://video.ted.com/talks/podcast/audio/JuanEnriquez_2003.mp3
81, Nora York, Nora York sings "What I Want", http://video.ted.com/talks/podcast/audio/NoraYork_2006S.mp3
83, E.O. Wilson, E.O. Wilson on saving life on Earth, http://video.ted.com/talks/podcast/audio/EOWilson_2007.mp3
84, James Nachtwey, James Nachtwey's searing photos of war, http://video.ted.com/talks/podcast/audio/JamesNachtwey_2007.mp3
85, Bill Clinton, Bill Clinton on rebuilding Rwanda, http://video.ted.com/talks/podcast/audio/BillClinton_2007.mp3
86, Julia Sweeney, Julia Sweeney on letting go of God, http://video.ted.com/talks/podcast/audio/JuliaSweeney_2006.mp3
89, Ben Saunders, Ben Saunders skis to the North Pole, http://video.ted.com/talks/podcast/audio/BenSaunders_2005.mp3
90, Neil Gershenfeld, Neil Gershenfeld on Fab Labs, http://video.ted.com/talks/podcast/audio/NeilGershenfeld_2006.mp3
91, Jacqueline Novogratz, Jacqueline Novogratz invests in ending poverty, http://video.ted.com/talks/podcast/audio/JacquelineNovogratz_2005G.mp3
93, Barry Schwartz, Barry Schwartz on the paradox of choice, http://video.ted.com/talks/podcast/audio/BarrySchwartz_2005G.mp3
94, Dan Dennett, Dan Dennett's response to Rick Warren, http://video.ted.com/talks/podcast/audio/DanDennett_2006.mp3
96, Tony Robbins, Tony Robbins asks why we do what we do, http://video.ted.com/talks/podcast/audio/TonyRobbins_2006.mp3
97, Dan Gilbert, "Dan Gilbert asks, Why are we happy?", http://video.ted.com/talks/podcast/audio/DanGilbert_2004.mp3
98, Richard Dawkins, Richard Dawkins on our "queer" universe, http://video.ted.com/talks/podcast/audio/RichardDawkins_2005G.mp3
102, Dan Dennett, Dan Dennett on our consciousness, http://video.ted.com/talks/podcast/audio/DanDennett_2003.mp3
103, Evelyn Glennie, Evelyn Glennie shows how to listen, http://video.ted.com/talks/podcast/audio/EvelynGlennie_2003.mp3
105, Jeff Bezos, Jeff Bezos on the next web innovation, http://video.ted.com/talks/podcast/audio/JeffBezos_2003.mp3
108, Rives, Rives remixes TED2006, http://video.ted.com/talks/podcast/audio/Rives_2006.mp3
112, Tom Honey, Tom Honey on God and the tsunami, http://video.ted.com/talks/podcast/audio/TomHoney_2005.mp3
113, Richard Dawkins, Richard Dawkins on militant atheism, http://video.ted.com/talks/podcast/audio/RichardDawkins_2002.mp3
118, Sergey Brin and Larry Page, Sergey Brin and Larry Page on Google, http://video.ted.com/talks/podcast/audio/SergeyBrin_LarryPage_2004.mp3
119, Stew, Stew says "Black Men Ski", http://video.ted.com/talks/podcast/audio/Stew_2006.mp3
121, James Howard Kunstler, James Howard Kunstler dissects suburbia, http://video.ted.com/talks/podcast/audio/JamesKunstler2004.mp3
126, Tierney Thys, Tierney Thys swims with the giant sunfish, http://video.ted.com/talks/podcast/audio/TierneyThys_2003.mp3
127, Ngozi Okonjo-Iweala, Ngozi Okonjo-Iweala on doing business in Africa, http://video.ted.com/talks/podcast/audio/NgoziOkonjo-Iweala_2007G.mp3
128, John Doerr, John Doerr sees salvation and profit in greentech, http://video.ted.com/talks/podcast/audio/JohnDoerr_2007.mp3
130, Robert Thurman, Robert Thurman says we can be Buddhas, http://video.ted.com/talks/podcast/audio/BobThurman_2006S.mp3
141, Bill Stone, Bill Stone explores the world's deepest caves, http://video.ted.com/talks/podcast/audio/BillStone_2007.mp3
142, Alan Russell, Alan Russell on regenerating our bodies, http://video.ted.com/talks/podcast/audio/AlanRussell_2006.mp3
143, Emily Oster, Emily Oster flips our thinking on AIDS in Africa, http://video.ted.com/talks/podcast/audio/EmilyOster_2007.mp3
144, Jonathan Harris, Jonathan Harris: the Web's secret stories, http://video.ted.com/talks/podcast/audio/JonathanHarris_2007.mp3
145, Deborah Gordon, Deborah Gordon digs ants, http://video.ted.com/talks/podcast/audio/DeborahGordon_2003.mp3
146, Will Wright, Will Wright makes toys that make worlds, http://video.ted.com/talks/podcast/audio/WillWright_2007.mp3
148, Rives, Rives on 4 a.m., http://video.ted.com/talks/podcast/audio/Rives_20074am.mp3
151, George Ayittey, George Ayittey on Cheetahs vs. Hippos, http://video.ted.com/talks/podcast/audio/GeorgeAyittey_2007G.mp3
152, Ngozi Okonjo-Iweala, Ngozi Okonjo-Iweala on aid versus trade, http://video.ted.com/talks/podcast/audio/NgoziOkonjoIweala_2007.mp3
154, Euvin Naidoo, Euvin Naidoo on investing in Africa, http://video.ted.com/talks/podcast/audio/EuvinNadioo_2007G.mp3
155, Chris Abani, Chris Abani on the stories of Africa, http://video.ted.com/talks/podcast/audio/ChrisAbani_2007G.mp3
156, Patrick Awuah, Patrick Awuah on educating leaders, http://video.ted.com/talks/podcast/audio/PatrickAwuah_2007G.mp3
157, Jacqueline Novogratz, Jacqueline Novogratz on patient capitalism, http://video.ted.com/talks/podcast/audio/JacquelineNovogratz_2007G.mp3
158, Vusi Mahlasela, Vusi Mahlasela sings "Thula Mama", http://video.ted.com/talks/podcast/audio/VusiMahlasela_2008.mp3
159, Andrew Mwenda, Andrew Mwenda takes a new look at Africa, http://video.ted.com/talks/podcast/audio/AndrewMwenda_2007G.mp3
161, Erin McKean, Erin McKean redefines the dictionary, http://video.ted.com/talks/podcast/audio/ErinMcKean_2007.mp3
163, Steven Pinker, Steven Pinker on the myth of violence, http://video.ted.com/talks/podcast/audio/StevenPinker_2007.mp3
164, Steven Pinker, Steven Pinker on language and thought, http://video.ted.com/talks/podcast/audio/StevenPinker_2005G.mp3
167, Stephen Petranek, Stephen Petranek counts down to Armageddon, http://video.ted.com/talks/podcast/audio/StephenPetranek_2002.mp3
168, Zeresenay Alemseged, Zeresenay Alemseged looks for humanity's roots, http://video.ted.com/talks/podcast/audio/ZeresenayAlemseged_2007G.mp3
169, Vusi Mahlasela, "Vusi Mahlasela's encore, \"Woza\"", http://video.ted.com/talks/podcast/audio/VusiMahlasela_2008.mp3
170, Jeff Skoll, Jeff Skoll makes movies that matter, http://video.ted.com/talks/podcast/audio/JeffSkoll_2007.mp3
171, Deborah Scranton, Deborah Scranton on her "War Tapes", http://video.ted.com/talks/podcast/audio/DeborahScranton_2007.mp3
172, John Maeda, John Maeda on the simple life, http://video.ted.com/talks/podcast/audio/JohnMaeda_2007.mp3
178, Carolyn Porco, Carolyn Porco flies us to Saturn, http://video.ted.com/talks/podcast/audio/CarolynPorco_2007.mp3
181, Richard Branson, "Richard Branson's life at 30,000 feet", http://video.ted.com/talks/podcast/audio/RichardBranson_2007.mp3
182, Maira Kalman, "Maira Kalman, the illustrated woman", http://video.ted.com/talks/podcast/audio/MairaKalman_2007.mp3
184, Vilayanur Ramachandran, Ramachandran on your mind, http://video.ted.com/talks/podcast/audio/VilayanurRamachandran_2007.mp3
185, Eleni Gabre-Madhin, Eleni Gabre-Madhin on Ethiopian economics, http://video.ted.com/talks/podcast/audio/EleniGabre-Madhin_2007G.mp3
187, Larry Lessig, Larry Lessig on laws that choke creativity, http://video.ted.com/talks/podcast/audio/LawrenceLessig2007.mp3
188, Raul Midon, "All the Answers" and "Tembererana", http://video.ted.com/talks/podcast/audio/RaulMidon_2007.mp3
190, Jan Chipchase, Jan Chipchase on our mobile phones, http://video.ted.com/talks/podcast/audio/JanChipchase_2007.mp3
191, Matthieu Ricard, Matthieu Ricard on the habits of happiness, http://video.ted.com/talks/podcast/audio/MatthieuRicard_2004.mp3
194, Murray Gell-Mann, Murray Gell-Mann on beauty and truth in physics, http://video.ted.com/talks/podcast/audio/MurrayGellMann_2007.mp3
197, Philippe Starck, Philippe Starck thinks deep on design, http://video.ted.com/talks/podcast/audio/PhilippeStarck_2007.mp3
200, Daniel Goleman, Daniel Goleman on compassion, http://video.ted.com/talks/podcast/audio/DanielGoleman_2007.mp3
204, Isabel Allende, Isabel Allende tells tales of passion, http://video.ted.com/talks/podcast/audio/IsabelAllende_2007.mp3
205, J.J. Abrams, J.J. Abrams' mystery box, http://video.ted.com/talks/podcast/audio/JJAbrams_2007.mp3
207, Paola Antonelli, Paola Antonelli treats design as art, http://video.ted.com/talks/podcast/audio/PaolaAntonelli_2007.mp3
208, Ben Dunlap, Ben Dunlap talks about a passionate life, http://video.ted.com/talks/podcast/audio/BenDunlap_2007.mp3
212, Robin Chase, Robin Chase on Zipcar and her next big idea, http://video.ted.com/talks/podcast/audio/RobinChase_2007.mp3
213, Jaime Lerner, Jaime Lerner sings of the city, http://video.ted.com/talks/podcast/audio/JaimeLerner_2007.mp3
214, Michael Pollan, Michael Pollan gives a plant's-eye view, http://video.ted.com/talks/podcast/audio/MichaelPollan_2007.mp3
216, Howard Rheingold, Howard Rheingold on collaboration, http://video.ted.com/talks/podcast/audio/HowardRheingold_2005.mp3
217, Eve Ensler, Eve Ensler on security, http://video.ted.com/talks/podcast/audio/EveEnsler_2005G.mp3
218, Pamelia Kurstin, Pamelia Kurstin plays the theremin, http://video.ted.com/talks/podcast/audio/PameliaKurstin_2002.mp3
227, Craig Venter, Craig Venter is on the verge of creating synthetic life, http://video.ted.com/talks/podcast/audio/CraigVenter_2008.mp3
229, Jill Bolte Taylor, Jill Bolte Taylor's stroke of insight, http://video.ted.com/talks/podcast/audio/JillBolteTaylor_2008.mp3
232, Neil Turok, Neil Turok makes his TED Prize wish, http://video.ted.com/talks/podcast/audio/NeilTurok_2008.mp3
233, Dave Eggers, Dave Eggers' wish: Once Upon a School, http://video.ted.com/talks/podcast/audio/DaveEggers_2008.mp3
234, Karen Armstrong, Karen Armstrong makes her TED Prize wish: the Charter for Compassion, http://video.ted.com/talks/podcast/audio/KarenArmstrong_2008.mp3
242, Stephen Hawking, Stephen Hawking asks big questions about the universe, http://video.ted.com/talks/podcast/audio/StephenHawking_2008.mp3
243, Al Gore, Al Gore's new thinking on the climate crisis, http://video.ted.com/talks/podcast/audio/AlGore_2008.mp3
246, Tod Machover and Dan Ellsey, Tod Machover and Dan Ellsey play new music, http://video.ted.com/talks/podcast/audio/TodMachover_2008.mp3
247, Yochai Benkler, Yochai Benkler on the new open-source economics, http://video.ted.com/talks/podcast/audio/YochaiBenkler_2005G.mp3
249, Ernest Madu, Ernest Madu on world-class health care, http://video.ted.com/talks/podcast/audio/ErnestMadu_2007G.mp3
250, Amy Tan, Amy Tan on creativity, http://video.ted.com/talks/podcast/audio/AmyTan_2008.mp3
251, Brian Greene, Brian Greene on string theory, http://video.ted.com/talks/podcast/audio/BrianGreene_2005.mp3
252, Dean Ornish, Dean Ornish says your genes are not your fate, http://video.ted.com/talks/podcast/audio/DeanOrnish_2008.mp3
253, Brian Cox, Brian Cox on CERN's supercollider, http://video.ted.com/talks/podcast/audio/BrianCox_2008.mp3
255, Hector Ruiz, Hector Ruiz on connecting the world, http://video.ted.com/talks/podcast/audio/HectorRuiz_2007G.mp3
258, Paul Stamets, Paul Stamets on 6 ways mushrooms can save the world, http://video.ted.com/talks/podcast/audio/PaulStamets_2008.mp3
259, Paul Ewald, "Paul Ewald asks, Can we domesticate germs?", http://video.ted.com/talks/podcast/audio/PaulEwald_2007.mp3
261, Joshua Klein, Joshua Klein on the intelligence of crows, http://video.ted.com/talks/podcast/audio/JoshuaKlein_2008.mp3
264, Robert Ballard, Robert Ballard on exploring the oceans, http://video.ted.com/talks/podcast/audio/RobertBallard_2008.mp3
269, Susan Blackmore, Susan Blackmore on memes and "temes", http://video.ted.com/talks/podcast/audio/SusanBlackmore_2008.mp3
270, Paul Collier, Paul Collier on the "bottom billion", http://video.ted.com/talks/podcast/audio/PaulCollier_2008.mp3
271, Nathan Myhrvold, "Nathan Myhrvold on archeology, animal photography, BBQ ...", http://video.ted.com/talks/podcast/audio/NathanMhyrvold_2007.mp3
272, Philip Zimbardo, Philip Zimbardo shows how people become monsters ... or heroes, http://video.ted.com/talks/podcast/audio/PhilipZimbardo_2008.mp3
273, Wade Davis, Wade Davis on the worldwide web of belief and ritual, http://video.ted.com/talks/podcast/audio/WadeDavis_2008.mp3
274, Clay Shirky, Clay Shirky on institutions vs. collaboration, http://video.ted.com/talks/podcast/audio/ClayShirky_2005G.mp3
286, Benjamin Zander, Benjamin Zander on music and passion, http://video.ted.com/talks/podcast/audio/BenjaminZander_2008.mp3
287, Nellie McKay, Nellie McKay sings "Clonie", http://video.ted.com/talks/podcast/audio/NellieMcKay_2008.mp3
294, Chris Abani, Chris Abani muses on humanity, http://video.ted.com/talks/podcast/audio/ChrisAbani_2008.mp3
296, Nellie McKay, Nellie McKay sings with sparkling humor, http://video.ted.com/talks/podcast/audio/NellieMcKay_2008.mp3
298, Raul Midon, Raul Midon plays "Peace on Earth", http://video.ted.com/talks/podcast/audio/RaulMidon_2007.mp3
299, Corneille Ewango, Corneille Ewango is a hero of the Congo forest, http://video.ted.com/talks/podcast/audio/CorneilleEwango_2007G.mp3
306, Freeman Dyson, Freeman Dyson says: let's look for life in the outer solar system, http://video.ted.com/talks/podcast/audio/FreemanDyson_2003.mp3
307, Helen Fisher, Helen Fisher studies the brain in love, http://video.ted.com/talks/podcast/audio/HelenFisher_2008.mp3
308, Billy Graham, Billy Graham on technology and faith, http://video.ted.com/talks/podcast/audio/BillyGraham_1998.mp3
312, Martin Seligman, Martin Seligman on positive psychology, http://video.ted.com/talks/podcast/audio/MartinSeligman_2004.mp3
318, Reed Kroloff, Reed Kroloff on modern and romantic architecture, http://video.ted.com/talks/podcast/audio/ReedKroloff_2003.mp3
320, Kwabena Boahen, Kwabena Boahen on a computer that works like the brain, http://video.ted.com/talks/podcast/audio/KwabenaBoahen_2007G.mp3
323, Spencer Wells, Spencer Wells builds a family tree for humanity, http://video.ted.com/talks/podcast/audio/SpencerWells_2007G.mp3
325, Nellie McKay, Nellie McKay sings "The Dog Song", http://video.ted.com/talks/podcast/audio/NellieMcKay_2008.mp3
326, Patricia Burchat, Patricia Burchat sheds light on dark matter, http://video.ted.com/talks/podcast/audio/PatriciaBurchat_2008.mp3
330, Ory Okolloh, Ory Okolloh on becoming an activist, http://video.ted.com/talks/podcast/audio/OryOkolloh_2007G.mp3
340, Jane Goodall, Jane Goodall helps humans and animals live together, http://video.ted.com/talks/podcast/audio/JaneGoodall_2007G.mp3
341, Jonathan Haidt, Jonathan Haidt on the moral roots of liberals and conservatives, http://video.ted.com/talks/podcast/audio/JonathanHaidt_2008.mp3
344, Irwin Redlener, Irwin Redlener on surviving a nuclear attack, http://video.ted.com/talks/podcast/audio/IrwinRedlener_2008.mp3
349, Laura Trice, Laura Trice suggests we all say thank you, http://video.ted.com/talks/podcast/audio/LauraTrice_2008.mp3
351, Marvin Minsky, Marvin Minsky on health and the human mind, http://video.ted.com/talks/podcast/audio/MarvinMinsky_2003.mp3
354, Steven Pinker, Steven Pinker chalks it up to the blank slate, http://video.ted.com/talks/podcast/audio/StevenPinker_2003.mp3
355, Rodney Brooks, Rodney Brooks says robots will invade our lives, http://video.ted.com/talks/podcast/audio/RodneyBrooks_2003.mp3
358, Noah Feldman, Noah Feldman says politics and religion are technologies, http://video.ted.com/talks/podcast/audio/NoahFeldman_2003.mp3
359, Liz Diller, Liz Diller plays with architecture, http://video.ted.com/talks/podcast/audio/ElizabethDiller_2007.mp3
362, Steven Johnson, Steven Johnson on the Web as a city, http://video.ted.com/talks/podcast/audio/StevenJohnson_2003.mp3
363, Doris Kearns Goodwin, Doris Kearns Goodwin on learning from past presidents, http://video.ted.com/talks/podcast/audio/DorisKearnsGoodwin_2008.mp3
365, Jared Diamond, Jared Diamond on why societies collapse, http://video.ted.com/talks/podcast/audio/JaredDiamond_2003.mp3
366, Mihaly Csikszentmihalyi, Mihaly Csikszentmihalyi on flow, http://video.ted.com/talks/podcast/audio/MihalyCsikszentmihalyi_2004.mp3
374, John Hodgman, "John Hodgman: Aliens, love -- where are they?", http://video.ted.com/talks/podcast/audio/JohnHodgman_2008.mp3
375, Virginia Postrel, Virginia Postrel on glamour, http://video.ted.com/talks/podcast/audio/VirginiaPostrel_2004.mp3
377, Dean Ornish, Dean Ornish on healing, http://video.ted.com/talks/podcast/audio/DeanOrnish_2004.mp3
390, James Surowiecki, James Surowiecki: When social media became news, http://video.ted.com/talks/podcast/audio/JamesSurowiecki_2005.mp3
391, John Francis, John Francis walks the Earth, http://video.ted.com/talks/podcast/audio/JohnFrancis_2008.mp3
395, Samantha Power, Samantha Power on a complicated hero, http://video.ted.com/talks/podcast/audio/SamanthaPower_2008.mp3
402, Stewart Brand, Stewart Brand on the Long Now, http://video.ted.com/talks/podcast/audio/StewartBrand_2004.mp3
403, Franco Sacchi, Franco Sacchi tours Nigeria's booming Nollywood, http://video.ted.com/talks/podcast/audio/FrancoSacchi_2007G.mp3
405, Bill Joy, "Bill Joy: What I'm worried about, what I'm excited about", http://video.ted.com/talks/podcast/audio/BillJoy_2006.mp3
408, Gregory Petsko, Gregory Petsko on the coming neurological epidemic, http://video.ted.com/talks/podcast/audio/GregoryPetsko_2008.mp3
409, Richard Preston, Richard Preston on the giant trees, http://video.ted.com/talks/podcast/audio/RichardPreston_2008.mp3
413, David Holt, David Holt plays mountain music, http://video.ted.com/talks/podcast/audio/DavidHolt_2004.mp3
420, Dan Gilbert, Dan Gilbert on our mistaken expectations, http://video.ted.com/talks/podcast/audio/DanGilbert_2005G.mp3
421, Penelope Boston, Penelope Boston says there might be life on Mars, http://video.ted.com/talks/podcast/audio/PenelopeBoston_2006.mp3
426, Kary Mullis, Kary Mullis celebrates the experiment, http://video.ted.com/talks/podcast/audio/KaryMullis_2002.mp3
428, Paul Sereno, Paul Sereno digs up dinosaurs, http://video.ted.com/talks/podcast/audio/PaulSereno_2005.mp3
431, Rob Forbes, Rob Forbes on ways of seeing, http://video.ted.com/talks/podcast/audio/RobForbes_2006.mp3
434, Joseph Pine, Joseph Pine on what consumers want, http://video.ted.com/talks/podcast/audio/JosephPine_2004.mp3
439, Jamais Cascio, Jamais Cascio on tools for a better world, http://video.ted.com/talks/podcast/audio/JamaisCascio_2006.mp3
440, Peter Ward, Peter Ward on Earth's mass extinctions, http://video.ted.com/talks/podcast/audio/PeterWard_2008.mp3
442, Woody Norris, Woody Norris invents amazing things, http://video.ted.com/talks/podcast/audio/WoodyNorris_2004.mp3
445, Joe DeRisi, Joe DeRisi solves medical mysteries, http://video.ted.com/talks/podcast/audio/JoeDerisi_2006.mp3
457, David Merrill, David Merrill demos Siftables, http://video.ted.com/talks/podcast/audio/DavidMerrill_2009.mp3
462, Barry Schwartz, Barry Schwartz on our loss of wisdom, http://video.ted.com/talks/podcast/audio/BarrySchwartz_2009.mp3
463, Juan Enriquez, Juan Enriquez shares mindboggling science, http://video.ted.com/talks/podcast/audio/JuanEnriquez_2009.mp3
464, Jose Antonio Abreu, Jose Abreu on kids transformed by music, http://video.ted.com/talks/podcast/audio/JoseAntonioAbreu_2009.mp3
467, Sylvia Earle, Sylvia Earle's TED Prize wish to protect our oceans, http://video.ted.com/talks/podcast/audio/SylviaEarle_2009.mp3
468, Jill Tarter, Jill Tarter's call to join the SETI search, http://video.ted.com/talks/podcast/audio/JillTarter_2009.mp3
469, Ed Ulbrich, Ed Ulbrich: How Benjamin Button got his face, http://video.ted.com/talks/podcast/audio/EdUlbrich_2009.mp3
470, Charles Moore, Capt. Charles Moore on the seas of plastic, http://video.ted.com/talks/podcast/audio/CharlesMoore_2009.mp3
473, Evan Williams, Evan Williams on listening to Twitter users, http://video.ted.com/talks/podcast/audio/EvanWilliams_2009.mp3
475, Willie Smits, Willie Smits restores a rainforest, http://video.ted.com/talks/podcast/audio/WillieSmits_2009.mp3
476, Nalini Nadkarni, Nalini Nadkarni on conserving the canopy, http://video.ted.com/talks/podcast/audio/NaliniNadkarni_2009.mp3
477, Mike Rowe, Mike Rowe celebrates dirty jobs, http://video.ted.com/talks/podcast/audio/MikeRowe_2008P.mp3
478, Eric Lewis, Eric Lewis rocks the jazz world, http://video.ted.com/talks/podcast/audio/EricLewis_2009.mp3
480, Don Norman, Don Norman on 3 ways good design makes you happy, http://video.ted.com/talks/podcast/audio/DonNorman_2003.mp3
481, Pattie Maes and Pranav Mistry, Pattie Maes and Pranav Mistry demo SixthSense, http://video.ted.com/talks/podcast/audio/PattieMaes_2009.mp3
482, Aimee Mullins, Aimee Mullins and her 12 pairs of legs, http://video.ted.com/talks/podcast/audio/AimeeMullins_2009.mp3
484, Tim Berners-Lee, Tim Berners-Lee on the next Web, http://video.ted.com/talks/podcast/audio/TimBerners-Lee_2009.mp3
485, Dan Dennett, "Dan Dennett: Cute, sexy, sweet, funny", http://video.ted.com/talks/podcast/audio/DanDennett_2009.mp3
487, Dan Ariely, Dan Ariely on our buggy moral code, http://video.ted.com/talks/podcast/audio/DanAriely_2009.mp3
490, Kamal Meattle, Kamal Meattle on how to grow fresh air, http://video.ted.com/talks/podcast/audio/KamalMeattle_2009.mp3
494, Jacqueline Novogratz, Jacqueline Novogratz on escaping poverty, http://video.ted.com/talks/podcast/audio/JacquelineNovogratz_2009.mp3
499, Nathan Wolfe, Nathan Wolfe's jungle search for viruses, http://video.ted.com/talks/podcast/audio/NathanWolfe_2009.mp3
501, Jacek Utko, Jacek Utko designs to save newspapers, http://video.ted.com/talks/podcast/audio/JacekUtko_2009.mp3
502, Ueli Gegenschatz, Ueli Gegenschatz soars in a wingsuit, http://video.ted.com/talks/podcast/audio/UeliGegenschatz_2009.mp3
503, Christopher C. Deam, Christopher Deam restyles the Airstream, http://video.ted.com/talks/podcast/audio/ChristopherDeam_2009.mp3
504, P.W. Singer, PW Singer on military robots and the future of war, http://video.ted.com/talks/podcast/audio/PWSinger_2009.mp3
507, Bruce Bueno de Mesquita, Bruce Bueno de Mesquita predicts Iran's future, http://video.ted.com/talks/podcast/audio/BruceBuenodeMesquita_2009.mp3
509, Bonnie Bassler, Bonnie Bassler on how bacteria "talk", http://video.ted.com/talks/podcast/audio/BonnieBassler_2009.mp3
511, Renny Gleeson, Renny Gleeson on antisocial phone tricks, http://video.ted.com/talks/podcast/audio/RennyGleeson_2009.mp3
512, Shai Agassi, Shai Agassi's bold plan for electric cars, http://video.ted.com/talks/podcast/audio/ShaiAgassi_2009.mp3
516, JoAnn Kuchera-Morin, Demo: Stunning data visualization in the AlloSphere, http://video.ted.com/talks/podcast/audio/JoAnnKuchera-Morin_2009.mp3
517, Tim Ferriss, "Tim Ferriss: Smash fear, learn anything", http://video.ted.com/talks/podcast/audio/TimFerriss_2008P.mp3
518, Matthew Childs, Matthew Childs' 9 life lessons from rock climbing, http://video.ted.com/talks/podcast/audio/MatthewChilds_2009.mp3
519, Margaret Wertheim, Margaret Wertheim on the beautiful math of coral, http://video.ted.com/talks/podcast/audio/MargaretWertheim_2009.mp3
521, Nate Silver, Nate Silver: Does race affect votes?, http://video.ted.com/talks/podcast/audio/NateSilver_2009A.mp3
523, Erik Hersman, Erik Hersman on reporting crisis via texting, http://video.ted.com/talks/podcast/audio/ErikHersman_2009U.mp3
524, Ben Katchor, Ben Katchor's comics of bygone New York, http://video.ted.com/talks/podcast/audio/BenKatchor_2002.mp3
525, Alex Tabarrok, Alex Tabarrok on how ideas trump crises, http://video.ted.com/talks/podcast/audio/AlexTabarrok_2009.mp3
526, Michael Merzenich, Michael Merzenich on re-wiring the brain, http://video.ted.com/talks/podcast/audio/MichaelMerzenich_2004.mp3
527, Sarah Jones, Sarah Jones as a one-woman global village, http://video.ted.com/talks/podcast/audio/SarahJones_2009.mp3
532, Sean Gourley, Sean Gourley on the mathematics of war, http://video.ted.com/talks/podcast/audio/SeanGourley_2009.mp3
533, Mae Jemison, Mae Jemison on teaching arts and sciences together, http://video.ted.com/talks/podcast/audio/MaeJemison_2002.mp3
534, Tom Shannon, Tom Shannon's anti-gravity sculpture, http://video.ted.com/talks/podcast/audio/TomShannon_2003.mp3
535, Al Gore, Al Gore warns on latest climate trends, http://video.ted.com/talks/podcast/audio/AlGore_2009.mp3
537, Louise Fresco, Louise Fresco on feeding the whole world, http://video.ted.com/talks/podcast/audio/LouiseFresco_2009.mp3
538, Seth Godin, Seth Godin on the tribes we lead, http://video.ted.com/talks/podcast/audio/SethGodin_2009.mp3
545, Nandan Nilekani, Nandan Nilekani's ideas for India's future, http://video.ted.com/talks/podcast/audio/NandanNilekani_2009.mp3
547, Ray Anderson, Ray Anderson on the business logic of sustainability, http://video.ted.com/talks/podcast/audio/RayAnderson_2009.mp3
548, Dan Ariely, "Dan Ariely asks, Are we in control of our own decisions?", http://video.ted.com/talks/podcast/audio/DanAriely_2008P.mp3
549, Mary Roach, Mary Roach: 10 things you didn't know about orgasm, http://video.ted.com/talks/podcast/audio/MaryRoach_2009.mp3
551, Carolyn Porco, Carolyn Porco: Could a Saturn moon harbor life?, http://video.ted.com/talks/podcast/audio/CarolynPorco_2009U.mp3
552, Yves Behar, Yves Behar's supercharged motorcycle design, http://video.ted.com/talks/podcast/audio/YvesBehar_2009.mp3
554, Jay Walker, Jay Walker on the world's English mania, http://video.ted.com/talks/podcast/audio/JayWalker_2009.mp3
556, Jonathan Drori, Jonathan Drori: Why we're storing billions of seeds, http://video.ted.com/talks/podcast/audio/JonathanDrori_2009U.mp3
557, Kaki King, Kaki King rocks out to "Pink Noise", http://video.ted.com/talks/podcast/audio/KakiKing_2008.mp3
558, Liz Coleman, Liz Coleman's call to reinvent liberal arts education, http://video.ted.com/talks/podcast/audio/LizColeman_2009.mp3
560, Ray Kurzweil, Ray Kurzweil: A university for the coming singularity, http://video.ted.com/talks/podcast/audio/RayKurzweil_2009U.mp3
561, Yann Arthus-Bertrand, Yann Arthus-Bertrand captures fragile Earth in wide-angle, http://video.ted.com/talks/podcast/audio/YannArthus-Bertrand_2009.mp3
562, Felix Dennis, Felix Dennis' odes to vice and consequences, http://video.ted.com/talks/podcast/audio/FelixDennis_2004.mp3
563, Pete Alcorn, Pete Alcorn on the world in 2200, http://video.ted.com/talks/podcast/audio/PeteAlcorn_2009.mp3
565, Kevin Surace, Kevin Surace invents eco-friendly drywall, http://video.ted.com/talks/podcast/audio/KevinSurace_2009.mp3
566, John La Grou, John La Grou plugs smart power outlets, http://video.ted.com/talks/podcast/audio/JohnLaGrou_2009P.mp3
570, Nancy Etcoff, Nancy Etcoff on the surprising science of happiness, http://video.ted.com/talks/podcast/audio/NancyEtcoff_2004.mp3
571, Robert Full, Robert Full: Learning from the gecko's tail, http://video.ted.com/talks/podcast/audio/RobertFull_2009.mp3
572, Richard St. John, Richard St. John: "Success is a continuous journey", http://video.ted.com/talks/podcast/audio/RichardStJohn_2009U.mp3
573, Jane Poynter, Jane Poynter: Life in Biosphere 2, http://video.ted.com/talks/podcast/audio/JanePoynter_2009X.mp3
575, Clay Shirky, Clay Shirky: How social media can make history, http://video.ted.com/talks/podcast/audio/ClayShirky_2009S.mp3
580, Catherine Mohr, "Catherine Mohr: Surgery's past, present and robotic future", http://video.ted.com/talks/podcast/audio/CatherineMohr_2009.mp3
581, Qi Zhang, Qi Zhang's electrifying organ performance, http://video.ted.com/talks/podcast/audio/QiZhang_2009.mp3
582, Philip Zimbardo, Philip Zimbardo prescribes a healthy take on time, http://video.ted.com/talks/podcast/audio/PhilZimbardo_2009U.mp3
584, Paul Collier, Paul Collier's new rules for rebuilding a broken nation, http://video.ted.com/talks/podcast/audio/PaulCollier_2009S.mp3
585, Katherine Fulton, Katherine Fulton: You are the future of philanthropy, http://video.ted.com/talks/podcast/audio/KatherineFulton_2007.mp3
586, Ray Zahab, Ray Zahab treks to the South Pole, http://video.ted.com/talks/podcast/audio/RayZahab_2009.mp3
587, Arthur Benjamin, Arthur Benjamin's formula for changing math education, http://video.ted.com/talks/podcast/audio/ArthurBenjamin_2009A.mp3
588, Gever Tulley, Gever Tulley teaches life lessons through tinkering, http://video.ted.com/talks/podcast/audio/GeverTulley_2009.mp3
589, Daniel Libeskind, Daniel Libeskind's 17 words of architectural inspiration, http://video.ted.com/talks/podcast/audio/DanielLibeskind_2009.mp3
590, Eames Demetrios, The design genius of Charles + Ray Eames, http://video.ted.com/talks/podcast/audio/EamesDemetrios_2007.mp3
591, Tom Wujec, Tom Wujec on 3 ways the brain creates meaning, http://video.ted.com/talks/podcast/audio/TomWujec_2009U.mp3
592, Sophal Ear, Sophal Ear: Escaping the Khmer Rouge, http://video.ted.com/talks/podcast/audio/SophalEar_2009U.mp3
594, Kary Mullis, Kary Mullis' next-gen cure for killer infections, http://video.ted.com/talks/podcast/audio/KaryMullis_2009.mp3
599, Olafur Eliasson, Olafur Eliasson: Playing with space and light, http://video.ted.com/talks/podcast/audio/OlafurEliasson_2009.mp3
601, Daniel Kraft, Daniel Kraft invents a better way to harvest bone marrow, http://video.ted.com/talks/podcast/audio/DanielKraft_2009.mp3
602, Jim Fallon, Jim Fallon: Exploring the mind of a killer, http://video.ted.com/talks/podcast/audio/JimFallon_2009A.mp3
603, Nina Jablonski, Nina Jablonski breaks the illusion of skin color, http://video.ted.com/talks/podcast/audio/NinaJablonski_2009.mp3
605, Alain de Botton, "Alain de Botton: A kinder, gentler philosophy of success", http://video.ted.com/talks/podcast/audio/AlaindeBotton_2009G.mp3
607, Elaine Morgan, Elaine Morgan says we evolved from aquatic apes, http://video.ted.com/talks/podcast/audio/ElaineMorgan_2009G.mp3
608, Paul Romer, Paul Romer's radical idea: Charter cities, http://video.ted.com/talks/podcast/audio/PaulRomer_2009G.mp3
610, Willard Wigan, Willard Wigan: Hold your breath for micro-sculpture, http://video.ted.com/talks/podcast/audio/WillardWigan_2009G.mp3
613, Michael Pritchard, Michael Pritchard's water filter turns filthy water drinkable, http://video.ted.com/talks/podcast/audio/MichaelPritchard_2009G.mp3
615, Emmanuel Jal, Emmanuel Jal: The music of a war child, http://video.ted.com/talks/podcast/audio/EmmanuelJal_2009G.mp3
618, Dan Pink, Dan Pink on the surprising science of motivation, http://video.ted.com/talks/podcast/audio/DanielPink_2009G.mp3
619, Eric Giler, Eric Giler demos wireless electricity, http://video.ted.com/talks/podcast/audio/EricGiler_2009G.mp3
620, Hans Rosling, Hans Rosling: Let my dataset change your mindset, http://video.ted.com/talks/podcast/audio/HansRosling_2009S.mp3
621, Natasha Tsakos, Natasha Tsakos' multimedia theatrical adventure, http://video.ted.com/talks/podcast/audio/NatashaTsakos_2009.mp3
622, Cary Fowler, "Cary Fowler: One seed at a time, protecting the future of food", http://video.ted.com/talks/podcast/audio/CaryFowler_2009G.mp3
623, Joshua Silver, Joshua Silver demos adjustable liquid-filled eyeglasses, http://video.ted.com/talks/podcast/audio/JoshSilver_2009G.mp3
625, Geoff Mulgan, "Geoff Mulgan: Post-crash, investing in a better world", http://video.ted.com/talks/podcast/audio/GeoffMulgan_2009G.mp3
628, James Balog, James Balog: Time-lapse proof of extreme ice loss, http://video.ted.com/talks/podcast/audio/JamesBalog_2009G.mp3
629, Lewis Pugh, Lewis Pugh swims the North Pole, http://video.ted.com/talks/podcast/audio/LewisPugh_2009G.mp3
630, Rebecca Saxe, Rebecca Saxe: How we read each other's minds, http://video.ted.com/talks/podcast/audio/RebeccaSaxe_2009G.mp3
631, Vishal Vaid, Vishal Vaid's hypnotic song, http://video.ted.com/talks/podcast/audio/VishalVaid_2006.mp3
633, Misha Glenny, Misha Glenny investigates global crime networks, http://video.ted.com/talks/podcast/audio/MishaGlenny_2009G.mp3
634, Bjarke Ingels, Bjarke Ingels: 3 warp-speed architecture tales, http://video.ted.com/talks/podcast/audio/BjarkeIngels_2009G.mp3
635, John Lloyd, John Lloyd inventories the invisible, http://video.ted.com/talks/podcast/audio/JohnLloyd_2009G.mp3
637, Oliver Sacks, Oliver Sacks: What hallucination reveals about our minds, http://video.ted.com/talks/podcast/audio/OliverSacks_2009.mp3
639, Imogen Heap, Imogen Heap plays "Wait It Out", http://video.ted.com/talks/podcast/audio/ImogenHeap_2009G.mp3
640, Jonathan Zittrain, Jonathan Zittrain: The Web as random acts of kindness, http://video.ted.com/talks/podcast/audio/JonathanZittrain_2009G.mp3
641, Evgeny Morozov, Evgeny Morozov: How the Net aids dictatorships, http://video.ted.com/talks/podcast/audio/EvgenyMorozov_2009G.mp3
642, William Kamkwamba, William Kamkwamba: How I harnessed the wind, http://video.ted.com/talks/podcast/audio/WilliamKamkwamba_2009G.mp3
643, Taryn Simon, Taryn Simon photographs secret sites, http://video.ted.com/talks/podcast/audio/TarynSimon_2009G.mp3
644, Jacqueline Novogratz, Jacqueline Novogratz: A third way to think about aid, http://video.ted.com/talks/podcast/audio/JacquelineNovogratz_2009S.mp3
645, Parag Khanna, Parag Khanna maps the future of countries, http://video.ted.com/talks/podcast/audio/ParagKhanna_2009G.mp3
646, Tim Brown, Tim Brown urges designers to think big, http://video.ted.com/talks/podcast/audio/TimBrown_2009G.mp3
647, Karen Armstrong, Karen Armstrong: Let's revive the Golden Rule, http://video.ted.com/talks/podcast/audio/KarenArmstrong_2009G.mp3
648, Garik Israelian, Garik Israelian: How spectroscopy could reveal alien life, http://video.ted.com/talks/podcast/audio/GarikIsraelian_2009G.mp3
650, Carolyn Steel, Carolyn Steel: How food shapes our cities, http://video.ted.com/talks/podcast/audio/CarolynSteel_2009G.mp3
652, Chimamanda Ngozi Adichie, Chimamanda Adichie: The danger of a single story, http://video.ted.com/talks/podcast/audio/ChimamandaAdichie_2009G.mp3
653, Beau Lotto, Beau Lotto: Optical illusions show how we see, http://video.ted.com/talks/podcast/audio/BeauLotto_2009G.mp3
655, Eric Sanderson, Eric Sanderson pictures New York -- before the City, http://video.ted.com/talks/podcast/audio/EricSanderson_2009G.mp3
657, David Hanson, David Hanson: Robots that "show emotion", http://video.ted.com/talks/podcast/audio/DavidHanson_2009.mp3
659, Henry Markram, Henry Markram builds a brain in a supercomputer, http://video.ted.com/talks/podcast/audio/HenryMarkram_2009G.mp3
660, Julian Treasure, Julian Treasure: The 4 ways sound affects us, http://video.ted.com/talks/podcast/audio/JulianTreasure_2009G.mp3
661, John Gerzema, John Gerzema: The post-crisis consumer, http://video.ted.com/talks/podcast/audio/JohnGerzema_2009X.mp3
662, Paul Debevec, Paul Debevec animates a photo-real digital face, http://video.ted.com/talks/podcast/audio/PaulDebevec_2009X.mp3
663, Itay Talgam, Itay Talgam: Lead like the great conductors, http://video.ted.com/talks/podcast/audio/ItayTalgam_2009G.mp3
664, Marc Koska, Marc Koska: 1.3m reasons to re-invent the syringe, http://video.ted.com/talks/podcast/audio/MarcKoska_2009G.mp3
665, Ian Goldin, Ian Goldin: Navigating our global future, http://video.ted.com/talks/podcast/audio/IanGoldin_2009G.mp3
666, David Deutsch, David Deutsch: A new way to explain explanation, http://video.ted.com/talks/podcast/audio/DavidDeutsch_2009G.mp3
667, Rachel Armstrong, Rachel Armstrong: Architecture that repairs itself?, http://video.ted.com/talks/podcast/audio/RachelArmstrong_2009G.mp3
669, Becky Blanton, Becky Blanton: The year I was homeless, http://video.ted.com/talks/podcast/audio/BeckyBlanton_2009G.mp3
675, James Forbes, Rev. James Forbes: Compassion at the dinner table, http://video.ted.com/talks/podcast/audio/JamesForbes_2009P.mp3
681, Cameron Sinclair, Cameron Sinclair: The refugees of boom-and-bust, http://video.ted.com/talks/podcast/audio/CameronSinclair_2009G.mp3
682, Rachel Pike, Rachel Pike: The science behind a climate headline, http://video.ted.com/talks/podcast/audio/RachelPike_2009G.mp3
683, Edward Burtynsky, Edward Burtynsky photographs the landscape of oil, http://video.ted.com/talks/podcast/audio/EdwardBurtynsky_2009G.mp3
684, Cynthia Schneider, Cynthia Schneider: The surprising spread of "Idol" TV, http://video.ted.com/talks/podcast/audio/CynthiaSchneider_2009G.mp3
685, Pranav Mistry, Pranav Mistry: The thrilling potential of SixthSense technology, http://video.ted.com/talks/podcast/audio/PranavMistry_2009I.mp3
689, Shashi Tharoor, Shashi Tharoor: Why nations should pursue "soft" power, http://video.ted.com/talks/podcast/audio/ShashiTharoor_2009I.mp3
691, Mathieu Lehanneur, Mathieu Lehanneur demos science-inspired design, http://video.ted.com/talks/podcast/audio/MathieuLehanneur_2009G.mp3
692, Fields Wicker-Miurin, Fields Wicker-Miurin: Learning from leadership's "missing manual", http://video.ted.com/talks/podcast/audio/FieldsWicker-Miurin_2009S.mp3
695, Hans Rosling, Hans Rosling: Asia's rise -- how and when, http://video.ted.com/talks/podcast/audio/HansRosling_2009I.mp3
698, Magnus Larsson, Magnus Larsson: Turning dunes into architecture, http://video.ted.com/talks/podcast/audio/MagnusLarsson_2009G.mp3
702, Anupam Mishra, Anupam Mishra: The ancient ingenuity of water harvesting, http://video.ted.com/talks/podcast/audio/AnupamMishra_2009I.mp3
704, Sunitha Krishnan, Sunitha Krishnan fights sex slavery, http://video.ted.com/talks/podcast/audio/SunithaKrishnan_2009I.mp3
705, Scott Kim, Scott Kim takes apart the art of puzzles, http://video.ted.com/talks/podcast/audio/ScottKim_2008P.mp3
708, Marc Pachter, Marc Pachter: The art of the interview, http://video.ted.com/talks/podcast/audio/MarcPachter_2008P.mp3
710, Shereen El Feki, Shereen El Feki: Pop culture in the Arab world, http://video.ted.com/talks/podcast/audio/ShereenElFeki_2009G.mp3
713, Ryan Lobo, Ryan Lobo: Photographing the hidden story, http://video.ted.com/talks/podcast/audio/RyanLobo_2009I.mp3
715, Charles Anderson, Charles Anderson discovers dragonflies that cross oceans, http://video.ted.com/talks/podcast/audio/CharlesAnderson_2009I.mp3
717, Shaffi Mather, Shaffi Mather: A new way to fight corruption, http://video.ted.com/talks/podcast/audio/ShaffiMather_2009I.mp3
718, Steven Cowley, Steven Cowley: Fusion is energy's future, http://video.ted.com/talks/podcast/audio/StevenCowley_2009G.mp3
726, Nick Veasey, Nick Veasey: Exposing the invisible, http://video.ted.com/talks/podcast/audio/NickVeasey_2009G.mp3
727, Dan Buettner, Dan Buettner: How to live to be 100+, http://video.ted.com/talks/podcast/audio/DanBuettner_2009X.mp3
738, Charles Fleischer, Charles Fleischer insists: All things are Moleeds, http://video.ted.com/talks/podcast/audio/CharlesFleischer_2005.mp3
744, Anthony Atala, Anthony Atala on growing new organs, http://video.ted.com/talks/podcast/audio/AnthonyAtala_2009P.mp3
750, Joshua Prince Ramus, Joshua Prince Ramus: Building a theater that remakes itself, http://video.ted.com/talks/podcast/audio/JoshuaPrinceRamus_2009X.mp3
759, Jamie Heywood, Jamie Heywood: The big idea my brother inspired, http://video.ted.com/talks/podcast/audio/JamieHeywood_2009P.mp3
760, George Whitesides, George Whitesides: A lab the size of a postage stamp, http://video.ted.com/talks/podcast/audio/GeorgeWhitesides_2009X.mp3
763, Peter Eigen, Peter Eigen: How to expose the corrupt, http://video.ted.com/talks/podcast/audio/PeterEigen_2010X.mp3
767, Bill Gates, Bill Gates on energy: Innovating to zero!, http://video.ted.com/talks/podcast/audio/BillGates_2010.mp3
770, Kevin Kelly, Kevin Kelly tells technology's epic story, http://video.ted.com/talks/podcast/audio/KevinKelly_2009X.mp3
771, Philip K. Howard, Philip K. Howard: Four ways to fix a broken legal system, http://video.ted.com/talks/podcast/audio/PhilipHoward_2010.mp3
772, Eric Topol, Eric Topol: The wireless future of medicine, http://video.ted.com/talks/podcast/audio/EricTopol_2009P.mp3
773, Temple Grandin, Temple Grandin: The world needs all kinds of minds, http://video.ted.com/talks/podcast/audio/TempleGrandi_2010.mp3
777, Raghava KK, Raghava KK: Five lives of an artist, http://video.ted.com/talks/podcast/audio/RaghavaKK_2010.mp3
779, Daniel Kahneman, Daniel Kahneman: The riddle of experience vs. memory, http://video.ted.com/talks/podcast/audio/DanielKahneman_2010.mp3
783, Gary Flake, Gary Flake: is Pivot a turning point for web exploration?, http://video.ted.com/talks/podcast/audio/GaryFlake_2010.mp3
785, James Cameron, James Cameron: Before Avatar ... a curious boy, http://video.ted.com/talks/podcast/audio/JamesCameron_2010.mp3
788, Tim Berners-Lee, Tim Berners-Lee: The year open data went worldwide, http://video.ted.com/talks/podcast/audio/TimBerners-Lee_2010U.mp3
789, Gary Lauder, Gary Lauder's new traffic sign: Take Turns, http://video.ted.com/talks/podcast/audio/GaryLauder_2010.mp3
790, Dan Barber, Dan Barber: How I fell in love with a fish, http://video.ted.com/talks/podcast/audio/DanBarber_2010.mp3
796, Mark Roth, Mark Roth: Suspended animation is within our grasp, http://video.ted.com/talks/podcast/audio/MarkRoth_2010.mp3
797, Eric Dishman, Eric Dishman: Take health care off the mainframe, http://video.ted.com/talks/podcast/audio/EricDishman_2009P.mp3
799, Jane McGonigal, Jane McGonigal: Gaming can make a better world, http://video.ted.com/talks/podcast/audio/JaneMcGonigal_2010.mp3
801, Sam Harris, Sam Harris: Science can answer moral questions, http://video.ted.com/talks/podcast/audio/SamHarris_2010.mp3
802, Juliana Machado Ferreira, Juliana Machado Ferreira: The fight to end rare-animal trafficking in Brazil, http://video.ted.com/talks/podcast/audio/JulianaMachadoFerreira_2010.mp3
803, Alan Siegel, Alan Siegel: Let's simplify legal jargon!, http://video.ted.com/talks/podcast/audio/AlanSiegel_2010.mp3
804, Joel Levine, Joel Levine: Why we need to go back to Mars, http://video.ted.com/talks/podcast/audio/JoelLevine_2009X.mp3
805, Robert Gupta, "Robert Gupta: Music is medicine, music is sanity", http://video.ted.com/talks/podcast/audio/RobertGupta_2010U.mp3
807, Kevin Bales, Kevin Bales: How to combat modern slavery, http://video.ted.com/talks/podcast/audio/KevinBales_2010.mp3
809, Shukla Bose, Shukla Bose: Teaching one child at a time, http://video.ted.com/talks/podcast/audio/ShuklaBose_2009I.mp3
811, Kirk Citron, "Kirk Citron: And now, the real news", http://video.ted.com/talks/podcast/audio/KirkCitron_2010.mp3
814, Derek Sivers, Derek Sivers: How to start a movement, http://video.ted.com/talks/podcast/audio/DerekSivers_2010U.mp3
815, Adora Svitak, Adora Svitak: What adults can learn from kids, http://video.ted.com/talks/podcast/audio/AdoraSvitak_2010.mp3
818, Elizabeth Pisani, "Elizabeth Pisani: Sex, drugs and HIV -- let's get rational", http://video.ted.com/talks/podcast/audio/ElizabethPisani_2010.mp3
819, Dean Kamen, Dean Kamen: The emotion behind invention, http://video.ted.com/talks/podcast/audio/DeanKamen_2009P.mp3
821, Jonathan Drori, Jonathan Drori: Every pollen grain has a story, http://video.ted.com/talks/podcast/audio/JonathanDrori_2010U.mp3
823, Natalie Merchant, Natalie Merchant sings old poems to life, http://video.ted.com/talks/podcast/audio/NatalieMerchant_2010.mp3
824, Michael Specter, Michael Specter: The danger of science denial, http://video.ted.com/talks/podcast/audio/MichaelSpecter_2010.mp3
826, Jonathan Klein, Jonathan Klein: Photos that changed the world, http://video.ted.com/talks/podcast/audio/JonathanKlein_2010U.mp3
828, Catherine Mohr, Catherine Mohr builds green, http://video.ted.com/talks/podcast/audio/CatherineMohr_2010U.mp3
830, Mike deGruy, Mike deGruy: Hooked by an octopus, http://video.ted.com/talks/podcast/audio/MikedeGruy_2010Z.mp3
831, Thelma Golden, Thelma Golden: How art gives shape to cultural change, http://video.ted.com/talks/podcast/audio/ThelmaGolden_2009.mp3
833, Edith Widder, Edith Widder: Glowing life in an underwater world, http://video.ted.com/talks/podcast/audio/EdithWidder_2010Z.mp3
835, James Randi, James Randi's fiery takedown of psychic fraud, http://video.ted.com/talks/podcast/audio/JamesRandi_2007.mp3
836, Frederick Balagadde, Frederick Balagadde: Bio-lab on a microchip, http://video.ted.com/talks/podcast/audio/FrederickBalagadde_2010U.mp3
837, Tom Wujec, "Tom Wujec: Build a tower, build a team", http://video.ted.com/talks/podcast/audio/TomWujec_2010U.mp3
838, Omar Ahmad, Omar Ahmad: Political change with pen and paper, http://video.ted.com/talks/podcast/audio/OmarAhmad_2010U.mp3
842, Kavita Ramdas, "Kavita Ramdas: Radical women, embracing tradition", http://video.ted.com/talks/podcast/audio/KavitaRamdas_2009I.mp3
843, Stephen Wolfram, Stephen Wolfram: Computing a theory of everything, http://video.ted.com/talks/podcast/audio/StephenWolfram_2010.mp3
844, Roz Savage, Roz Savage: Why I'm rowing across the Pacific, http://video.ted.com/talks/podcast/audio/RozSavage_2010Z.mp3
845, George Whitesides, George Whitesides: Toward a science of simplicity, http://video.ted.com/talks/podcast/audio/GeorgeWhitesides_2010.mp3
846, Sebastian Wernicke, "Lies, damned lies and statistics (about TEDTalks)",http://video.ted.com/talks/podcast/audio/SebastianWernicke_2010A.mp3
847, Esther Duflo, Esther Duflo: Social experiments to fight poverty, http://video.ted.com/talks/podcast/audio/EstherDuflo_2010.mp3
848, Simon Sinek, Simon Sinek: How great leaders inspire action, http://video.ted.com/talks/podcast/audio/SimonSinek_2009X.mp3
849, Thomas Dolby, Thomas Dolby: "Love Is a Loaded Pistol", http://video.ted.com/talks/podcast/audio/ThomasDolby_1010.mp3
850, Jeremy Jackson, Jeremy Jackson: How we wrecked the ocean, http://video.ted.com/talks/podcast/audio/JeremyJackson_2010Z.mp3
851, Anil Gupta, Anil Gupta: India's hidden hotbeds of invention, http://video.ted.com/talks/podcast/audio/AnilGupta_2009I.mp3
852, Nicholas Christakis, Nicholas Christakis: The hidden influence of social networks, http://video.ted.com/talks/podcast/audio/NicholasChristakis_2010.mp3
853, Nathan Myhrvold, Nathan Myhrvold: Could this laser zap malaria?, http://video.ted.com/talks/podcast/audio/NathanMyhrvold_2010.mp3
854, Enric Sala, Enric Sala: Glimpses of a pristine ocean, http://video.ted.com/talks/podcast/audio/EnricSala_2010Z.mp3
855, Dan Meyer, Dan Meyer: Math class needs a makeover, http://video.ted.com/talks/podcast/audio/DanMeyer_2010X.mp3
856, Julia Sweeney, Julia Sweeney has "The Talk", http://video.ted.com/talks/podcast/audio/JuliaSweeney_2010.mp3
860, Graham Hill, Graham Hill: Why I'm a weekday vegetarian, http://video.ted.com/talks/podcast/audio/GrahamHill_2010.mp3
861, Dee Boersma, Dee Boersma: Pay attention to penguins, http://video.ted.com/talks/podcast/audio/DeeBoersma_2010Z.mp3
862, Richard Sears, Richard Sears: Planning for the end of oil, http://video.ted.com/talks/podcast/audio/RichardSears_2010U.mp3
863, Craig Venter, Craig Venter unveils "synthetic life", http://video.ted.com/talks/podcast/audio/CraigVenter_2010P.mp3
873, Brian Skerry, Brian Skerry reveals ocean's glory -- and horror, http://video.ted.com/talks/podcast/audio/BrianSkerry_2010Z.mp3
876, Brian Cox, Brian Cox: Why we need the explorers, http://video.ted.com/talks/podcast/audio/BrianCox_2010S.mp3
